Year,Month,Ozone 8hr Max,Daily AQI
1990,1,0.023017857142857142,21.321428571428573
1990,2,0.03147727272727273,29.15909090909091
1990,3,0.04121276595744681,38.361702127659576
1990,4,0.042944444444444445,41.166666666666664
1990,5,0.05783870967741935,68.48387096774194
1990,6,0.0653,88.43333333333334
1990,7,0.06519672131147541,90.11475409836065
1990,8,0.062033898305084746,80.76271186440678
1990,9,0.06578481012658229,88.48101265822785
1990,10,0.055152941176470585,60.870588235294115
1990,11,0.02994736842105263,27.710526315789473
1990,12,0.02395744680851064,22.127659574468087
1991,1,0.024627906976744184,22.88372093023256
1991,2,0.03254054054054054,30.135135135135137
1991,3,0.034628571428571425,32.0
1991,4,0.04051785714285715,38.089285714285715
1991,5,0.044450980392156864,41.490196078431374
1991,6,0.04930357142857143,51.732142857142854
1991,7,0.06361904761904762,83.80952380952381
1991,8,0.06280898876404495,81.50561797752809
1991,9,0.0629080459770115,82.0919540229885
1991,10,0.058153846153846146,75.0
1991,11,0.024482758620689653,22.689655172413794
1991,12,0.022413793103448276,20.71264367816092
1992,1,0.026931818181818182,24.96590909090909
1992,2,0.032172839506172835,30.074074074074073
1992,3,0.038725274725274726,35.86813186813187
1992,4,0.0473953488372093,47.06976744186046
1992,5,0.060666666666666674,72.71264367816092
1992,6,0.06063218390804598,77.77011494252874
1992,7,0.059356164383561644,77.43835616438356
1992,8,0.06472131147540984,85.0327868852459
1992,9,0.059166666666666666,70.93333333333334
1992,10,0.05071666666666667,56.5
1992,11,0.028886363636363634,26.772727272727273
1992,12,0.02724705882352941,25.24705882352941
1993,1,0.022288135593220338,20.64406779661017
1993,2,0.03536585365853658,32.73170731707317
1993,3,0.0353,32.65
1993,4,0.04535,42.1
1993,5,0.04943103448275862,49.39655172413793
1993,6,0.05016279069767442,52.325581395348834
1993,7,0.06285483870967741,79.45161290322581
1993,8,0.05875409836065574,68.1311475409836
1993,9,0.06069387755102041,74.65306122448979
1993,10,0.03763157894736842,36.228070175438596
1993,11,0.03117241379310345,28.93103448275862
1993,12,0.016481481481481482,15.24074074074074
1994,1,0.02646067415730337,24.44943820224719
1994,2,0.03486075949367089,32.22784810126582
1994,3,0.04406741573033708,41.17977528089887
1994,4,0.05161111111111111,53.13333333333333
1994,5,0.0531978021978022,58.604395604395606
1994,6,0.056666666666666664,64.96551724137932
1994,7,0.06822826086956522,94.6304347826087
1994,8,0.06534408602150538,86.29032258064517
1994,9,0.05710227272727273,68.04545454545455
1994,10,0.04504705882352941,46.71764705882353
1994,11,0.03068181818181818,28.424242424242426
1994,12,0.027706896551724137,25.689655172413794
1995,1,0.02901666666666667,26.866666666666667
1995,2,0.036767857142857144,34.05357142857143
1995,3,0.042,38.85964912280702
1995,4,0.04640350877192982,44.50877192982456
1995,5,0.047933333333333335,48.016666666666666
1995,6,0.05272881355932203,56.74576271186441
1995,7,0.0609054054054054,74.06756756756756
1995,8,0.07358064516129033,111.7741935483871
1995,9,0.07025,102.55263157894737
1995,10,0.05872413793103448,70.51724137931035
1995,11,0.044392857142857144,43.82142857142857
1995,12,0.029968253968253967,27.92063492063492
1996,1,0.030262295081967216,28.016393442622952
1996,2,0.03668965517241379,34.08620689655172
1996,3,0.043500000000000004,40.275862068965516
1996,4,0.04839622641509434,47.22641509433962
1996,5,0.050130434782608695,52.05434782608695
1996,6,0.06532584269662921,89.0561797752809
1996,7,0.07283870967741936,109.3763440860215
1996,8,0.07396428571428572,112.0952380952381
1996,9,0.06813483146067416,96.10112359550561
1996,10,0.053057471264367814,61.10344827586207
1996,11,0.03689285714285714,34.07142857142857
1996,12,0.03527586206896552,32.55172413793103
1997,1,0.037724137931034483,34.89655172413793
1997,2,0.04103703703703704,38.03703703703704
1997,3,0.04582142857142857,43.0
1997,4,0.04983333333333333,49.2
1997,5,0.05287096774193548,55.70967741935484
1997,6,0.05713559322033898,66.35593220338983
1997,7,0.06932,98.52
1997,8,0.06378688524590163,83.90163934426229
1997,9,0.05769642857142857,67.94642857142857
1997,10,0.05558333333333333,62.666666666666664
1997,11,0.04226666666666667,39.63333333333333
1997,12,0.04262068965517241,39.6551724137931
1998,1,0.03662962962962963,33.888888888888886
1998,2,0.03717857142857143,34.5
1998,3,0.03855555555555555,35.74074074074074
1998,4,0.049130434782608694,50.65217391304348
1998,5,0.04825423728813559,47.271186440677965
1998,6,0.05458333333333333,63.53333333333333
1998,7,0.07209677419354839,106.38709677419355
1998,8,0.07610344827586206,118.17241379310344
1998,9,0.06310169491525423,82.45762711864407
1998,10,0.05621666666666667,62.45
1998,11,0.04486206896551724,41.689655172413794
1998,12,0.04376923076923077,40.61538461538461
1999,1,0.044032258064516126,40.806451612903224
1999,2,0.04896428571428572,46.357142857142854
1999,3,0.05210714285714286,51.142857142857146
1999,4,0.05466666666666666,56.7
1999,5,0.05820967741935484,66.29032258064517
1999,6,0.061586206896551726,76.94827586206897
1999,7,0.0689016393442623,96.67213114754098
1999,8,0.06193548387096774,79.40322580645162
1999,9,0.07400000000000001,112.2
1999,10,0.07045833333333333,103.72916666666667
1999,11,0.0484,51.92
1999,12,0.03875,35.708333333333336
2000,1,0.0372258064516129,34.41935483870968
2000,2,0.04544444444444445,42.074074074074076
2000,3,0.04929032258064516,47.903225806451616
2000,4,0.05206666666666667,51.8
2000,5,0.05434426229508196,58.16393442622951
2000,6,0.06493220338983051,87.0677966101695
2000,7,0.06648387096774193,88.83870967741936
2000,8,0.07135483870967743,103.5
2000,9,0.062396551724137925,83.84482758620689
2000,10,0.05341666666666667,64.83333333333333
2000,11,0.038033333333333336,35.13333333333333
2000,12,0.037142857142857144,34.285714285714285
2001,1,0.041,38.0
2001,2,0.041035714285714286,38.107142857142854
2001,3,0.044172413793103445,40.93103448275862
2001,4,0.049652173913043475,47.69565217391305
2001,5,0.05976315789473684,71.28947368421052
2001,6,0.06425454545454545,83.8
2001,7,0.06255737704918032,78.0327868852459
2001,8,0.06972131147540984,100.8360655737705
2001,9,0.06735000000000001,92.15
2001,10,0.0626,78.88333333333334
2001,11,0.040035714285714286,37.035714285714285
2001,12,0.03833333333333333,35.4
2002,1,0.03754838709677419,34.54838709677419
2002,2,0.040607142857142856,37.57142857142857
2002,3,0.04532,42.08
2002,4,0.05007692307692308,48.26923076923077
2002,5,0.05812903225806452,68.2741935483871
2002,6,0.0684406779661017,95.52542372881356
2002,7,0.07431481481481482,113.27777777777777
2002,8,0.07506666666666667,115.53333333333333
2002,9,0.06341111111111111,83.25555555555556
2002,10,0.06282417582417582,80.35164835164835
2002,11,0.03876785714285714,38.964285714285715
2002,12,0.033358490566037735,30.9811320754717
2003,1,0.026564516129032257,25.048387096774192
2003,2,0.03592857142857143,33.32142857142857
2003,3,0.043225806451612905,40.11290322580645
2003,4,0.04888,47.093333333333334
2003,5,0.05436559139784946,60.096774193548384
2003,6,0.06216470588235294,80.14117647058823
2003,7,0.07188405797101449,107.2463768115942
2003,8,0.06870588235294117,98.13235294117646
2003,9,0.0698955223880597,102.46268656716418
2003,10,0.06127173913043478,80.65217391304348
2003,11,0.03643181818181818,33.72727272727273
2003,12,0.029516666666666667,27.466666666666665
2004,1,0.029951612903225806,27.838709677419356
2004,2,0.0394,36.527272727272724
2004,3,0.04546666666666667,43.18333333333333
2004,4,0.04995,52.8
2004,5,0.052097826086956525,58.619565217391305
2004,6,0.059409090909090904,72.89772727272727
2004,7,0.06564634146341464,88.13414634146342
2004,8,0.06515555555555555,86.73333333333333
2004,9,0.059130952380952374,72.39285714285714
2004,10,0.044813186813186814,47.989010989010985
2004,11,0.03552173913043478,32.95652173913044
2004,12,0.0296,27.466666666666665
2005,1,0.03195,29.6
2005,2,0.036,33.392857142857146
2005,3,0.04474193548387097,41.774193548387096
2005,4,0.04745,46.28333333333333
2005,5,0.045733333333333334,44.68
2005,6,0.05649180327868853,64.8360655737705
2005,7,0.06041304347826087,78.41304347826087
2005,8,0.059067415730337074,72.19101123595506
2005,9,0.054786516853932585,63.97752808988764
2005,10,0.043551724137931035,45.10344827586207
2005,11,0.02606896551724138,24.086206896551722
2005,12,0.024916666666666663,23.1
2006,1,0.041100000000000005,38.1
2006,2,0.046639999999999994,43.52
2006,3,0.053222222222222226,51.407407407407405
2006,4,0.054814814814814816,58.55555555555556
2006,5,0.05805263157894737,69.7719298245614
2006,6,0.061,77.44444444444444
2006,7,0.06426666666666667,83.38333333333334
2006,8,0.07059016393442623,101.39344262295081
2006,9,0.0643076923076923,82.66666666666667
2006,10,0.048529411764705876,48.11764705882353
2006,11,0.036681818181818183,33.95454545454545
2006,12,0.04013793103448276,37.206896551724135
2007,1,0.04111111111111111,38.074074074074076
2007,2,0.04036842105263158,37.421052631578945
2007,3,0.04605,44.6
2007,4,0.04906451612903225,49.306451612903224
2007,5,0.05947154471544716,70.90243902439025
2007,6,0.05693396226415094,66.5377358490566
2007,7,0.05496694214876033,61.02479338842975
2007,8,0.05750806451612903,66.08870967741936
2007,9,0.05589830508474576,64.33050847457628
2007,10,0.04741666666666667,47.56666666666667
2007,11,0.04296666666666667,39.833333333333336
2007,12,0.04306666666666667,39.9
2008,1,0.0453,42.13333333333333
2008,2,0.04751724137931034,44.03448275862069
2008,3,0.05009677419354838,46.354838709677416
2008,4,0.05879310344827587,65.06896551724138
2008,5,0.05407407407407407,59.01234567901235
2008,6,0.06648484848484848,89.82828282828282
2008,7,0.06723148148148149,92.02777777777777
2008,8,0.060196581196581195,73.05982905982906
2008,9,0.06043965517241379,72.31896551724138
2008,10,0.04801639344262295,46.868852459016395
2008,11,0.03733333333333333,34.5
2008,12,0.041133333333333334,38.13333333333333
2009,1,0.04187096774193549,38.87096774193548
2009,2,0.04542857142857143,42.17857142857143
2009,3,0.051,49.225806451612904
2009,4,0.04881132075471698,48.264150943396224
2009,5,0.046746835443037975,46.265822784810126
2009,6,0.04801123595505618,50.59550561797753
2009,7,0.054232142857142854,58.4375
2009,8,0.05736885245901639,67.65573770491804
2009,9,0.05641880341880342,64.15384615384616
2009,10,0.043694915254237285,42.96610169491525
2009,11,0.044333333333333336,41.166666666666664
2009,12,0.04483333333333333,41.63333333333333
2010,1,0.045535714285714284,42.214285714285715
2010,2,0.04539285714285714,41.964285714285715
2010,3,0.05267741935483871,51.16129032258065
2010,4,0.05112121212121212,51.27272727272727
2010,5,0.04589130434782609,44.31521739130435
2010,6,0.048595959595959595,49.24242424242424
2010,7,0.057398373983739835,64.8048780487805
2010,8,0.05944736842105263,69.05263157894737
2010,9,0.058037383177570095,67.5607476635514
2010,10,0.04231578947368421,40.45614035087719
2010,11,0.040900000000000006,37.86666666666667
2010,12,0.04123333333333334,38.233333333333334
2011,1,0.0457741935483871,42.41935483870968
2011,2,0.04689285714285714,43.714285714285715
2011,3,0.04620833333333333,42.75
2011,4,0.047558823529411764,45.44117647058823
2011,5,0.047896103896103895,46.77922077922078
2011,6,0.05058888888888889,55.18888888888889
2011,7,0.05441935483870968,59.82258064516129
2011,8,0.05841880341880342,66.76923076923077
2011,9,0.05649549549549549,66.09909909909909
2011,10,0.04365573770491803,40.57377049180328
2011,11,0.04117241379310345,38.172413793103445
2011,12,0.0428,39.8
2012,1,0.04054838709677419,37.61290322580645
2012,2,0.04368965517241379,40.55172413793103
2012,3,0.04896774193548387,47.064516129032256
2012,4,0.04781632653061224,48.12244897959184
2012,5,0.056090225563909774,61.796992481203006
2012,6,0.0550236220472441,61.70866141732284
2012,7,0.06426623376623376,84.99350649350649
2012,8,0.060248366013071895,71.27450980392157
2012,9,0.06275862068965517,77.66896551724138
2012,10,0.05054444444444445,54.44444444444444
2012,11,0.04168333333333333,38.61666666666667
2012,12,0.041559322033898304,38.50847457627118
2013,1,0.043166666666666666,40.129629629629626
2013,2,0.04486274509803921,41.6078431372549
2013,3,0.045677419354838704,42.403225806451616
2013,4,0.0493728813559322,47.25423728813559
2013,5,0.0541864406779661,59.57627118644068
2013,6,0.05478181818181818,62.85454545454545
2013,7,0.06296610169491525,77.35593220338983
2013,8,0.058,63.13333333333333
2013,9,0.05457407407407407,59.351851851851855
2013,10,0.05567213114754098,62.49180327868852
2013,11,0.04378571428571428,40.785714285714285
2013,12,0.04493333333333334,41.766666666666666
2014,1,0.043193548387096777,40.064516129032256
2014,2,0.04182142857142857,39.035714285714285
2014,3,0.04854838709677419,46.67741935483871
2014,4,0.053724137931034484,53.724137931034484
2014,5,0.055732142857142855,61.44642857142857
2014,6,0.06158333333333333,75.8
2014,7,0.058937500000000004,67.54166666666667
2014,8,0.059739130434782614,68.34782608695652
2014,9,0.05823333333333334,68.6
2014,10,0.05455,60.2
2014,11,0.0385,35.56666666666667
2014,12,0.03742307692307692,34.57692307692308
2015,1,0.03696774193548387,34.16129032258065
2015,2,0.03625,33.464285714285715
2015,3,0.045354838709677416,42.193548387096776
2015,4,0.05306896551724138,53.37931034482759
2015,5,0.05263934426229508,53.73770491803279
2015,6,0.06074137931034483,72.46551724137932
2015,7,0.05318032786885246,56.39344262295082
2015,8,0.053967213114754095,56.950819672131146
2015,9,0.05645,61.333333333333336
2015,10,0.05012727272727273,50.70909090909091
2015,11,0.04107692307692308,38.0
2015,12,0.04006896551724138,37.03448275862069
2016,1,0.04157142857142857,38.57142857142857
2016,2,0.04219230769230769,39.15384615384615
2016,3,0.0391,36.1
2016,4,0.045739999999999996,43.3
2016,5,0.047066666666666666,45.65
2016,6,0.055233333333333336,58.96666666666667
2016,7,0.05924193548387097,69.93548387096774
2016,8,0.06546774193548387,85.09677419354838
2016,9,0.060033333333333334,71.23333333333333
2016,10,0.04479411764705882,42.76470588235294
2016,11,0.04227586206896552,39.10344827586207
2016,12,0.03747826086956522,34.65217391304348
2017,1,0.04226666666666667,39.766666666666666
2017,2,0.042678571428571434,39.642857142857146
2017,3,0.04551612903225807,43.0
2017,4,0.04793023255813953,45.69767441860465
2017,5,0.04973333333333333,50.31666666666667
2017,6,0.05235185185185185,54.48148148148148
2017,7,0.06376271186440678,80.30508474576271
2017,8,0.05820689655172413,64.91379310344827
2017,9,0.05541666666666667,59.983333333333334
2017,10,0.052017241379310346,51.12068965517241
2017,11,0.03763333333333333,34.766666666666666
2017,12,0.0433,40.266666666666666
2018,1,0.03893548387096774,36.0
2018,2,0.04292857142857143,39.892857142857146
2018,3,0.04503225806451613,41.70967741935484
2018,4,0.04713559322033899,44.16949152542373
2018,5,0.04838709677419355,46.5
2018,6,0.058084745762711866,65.0
2018,7,0.06371666666666667,82.48333333333333
2018,8,0.06353225806451614,79.2741935483871
2018,9,0.058701754385964915,66.71929824561404
2018,10,0.049704918032786885,48.295081967213115
2018,11,0.04393103448275862,41.03448275862069
2018,12,0.040799999999999996,37.833333333333336
2019,1,0.039645161290322584,36.67741935483871
2019,2,0.044333333333333336,41.18518518518518
2019,3,0.04745161290322581,44.58064516129032
2019,4,0.04613333333333333,42.733333333333334
2019,5,0.04554545454545455,42.77272727272727
2019,6,0.05379661016949153,54.08474576271186
2019,7,0.0545,57.706896551724135
2019,8,0.05991935483870967,69.09677419354838
2019,9,0.0534,55.9
2019,10,0.052890909090909086,54.018181818181816
2019,11,0.04516666666666667,41.86666666666667
2019,12,0.040766666666666666,37.766666666666666
2020,1,0.04158064516129032,38.54838709677419
2020,2,0.04331034482758621,40.172413793103445
2020,3,0.04332258064516129,40.29032258064516
2020,4,0.042508771929824565,39.333333333333336
2020,5,0.049709677419354836,50.45161290322581
2020,6,0.05023333333333333,49.916666666666664
2020,7,0.0589016393442623,65.22950819672131
2020,8,0.06719298245614035,91.36842105263158
2020,9,0.058018181818181816,66.9090909090909
2020,10,0.05631666666666667,62.666666666666664
2020,11,0.0384,35.43333333333333
2020,12,0.041499999999999995,38.5
2021,1,0.040129032258064516,37.16129032258065
2021,2,0.04285714285714286,39.67857142857143
2021,3,0.04616129032258064,42.87096774193548
2021,4,0.050018181818181816,47.872727272727275
2021,5,0.05478333333333333,57.36666666666667
2021,6,0.054086206896551726,57.327586206896555
2021,7,0.06367213114754099,79.19672131147541
2021,8,0.06729032258064516,91.58064516129032
2021,9,0.06187719298245614,75.29824561403508
2021,10,0.050375,52.770833333333336
2021,11,0.03936666666666667,36.46666666666667
2021,12,0.04176666666666666,38.7
2022,1,0.045322580645161294,42.064516129032256
2022,2,0.04739285714285714,43.92857142857143
2022,3,0.045580645161290324,42.29032258064516
2022,4,0.04929310344827586,47.05172413793103
2022,5,0.05267741935483871,54.88709677419355
2022,6,0.05215,53.31666666666667
2022,7,0.055557692307692315,60.55769230769231
2022,8,0.05712727272727273,60.36363636363637
2022,9,0.05430508474576271,59.49152542372882
2022,10,0.05305555555555555,53.907407407407405
2022,11,0.04123333333333334,38.266666666666666
2022,12,0.03916666666666667,36.2
2023,1,0.042741935483870966,39.70967741935484
2023,2,0.04489285714285714,41.714285714285715
2023,3,0.045612903225806446,42.32258064516129
2023,4,0.0476734693877551,44.40816326530612
2023,5,0.04447457627118644,42.30508474576271
2023,6,0.04661666666666667,44.03333333333333
2023,7,0.053016129032258066,54.516129032258064
2023,8,0.05338333333333333,55.31666666666667
2023,9,0.04647457627118644,43.69491525423729
2023,10,0.04331666666666667,40.28333333333333
2023,11,0.043000000000000003,39.86666666666667
2023,12,0.04082758620689655,37.793103448275865
2024,1,0.04206451612903226,38.96774193548387
2024,2,0.04468965517241379,41.51724137931034
2024,3,0.044645161290322574,41.41935483870968
2024,4,0.04195,39.4
2024,5,0.04745,44.75
2024,6,0.050559322033898305,52.08474576271186
2024,7,0.05696491228070175,61.73684210526316
2024,8,0.04888709677419355,48.82258064516129
2024,9,0.05554237288135593,58.644067796610166
2024,10,0.04948333333333333,48.15
2024,11,0.043517241379310345,40.275862068965516
2024,12,0.0431,40.0
2025,1,0.045870967741935484,42.61290322580645
2025,2,0.04634782608695653,42.869565217391305
2025,3,0.04397142857142857,40.68571428571428
2025,4,0.041639999999999996,38.72
2025,5,0.04806896551724137,45.758620689655174
2025,6,0.05060344827586207,49.6551724137931
2025,7,0.04875806451612903,48.24193548387097
2025,8,0.04651612903225806,45.225806451612904
2025,9,0.047344827586206895,45.793103448275865
2025,10,0.03696969696969697,34.27272727272727
2025,11,0.041461538461538466,38.46153846153846
2025,12,0.0409,37.9
