year,month,ozone 8hr max,daily aqi,avg_tmax,avg_daily_prcp,visitors
1990,1,0.0230178571428571,21.321428571428573,46.483870967741936,0.221,99686
1990,2,0.0314772727272727,29.15909090909091,47.857142857142854,0.16392857142857142,101236
1990,3,0.0412127659574468,38.361702127659576,60.16129032258065,0.07709677419354838,145037
1990,4,0.0429444444444444,41.16666666666666,67.6,0.08,237815
1990,5,0.0578387096774193,68.48387096774194,70.58064516129032,0.05709677419354839,364549
1990,6,0.0653,88.43333333333334,81.06666666666666,0.012666666666666666,424933
1990,7,0.0651967213114754,90.11475409836063,90.58064516129032,0.052258064516129035,482066
1990,8,0.0620338983050847,80.76271186440678,85.76666666666667,0.0032258064516129032,367502
1990,9,0.0657848101265822,88.48101265822785,81.7,0.018333333333333333,364838
1990,10,0.0551529411764705,60.87058823529412,76.58064516129032,0.0025806451612903226,276025
1990,11,0.0299473684210526,27.710526315789476,59.666666666666664,0.06833333333333333,162254
1990,12,0.0239574468085106,22.127659574468087,42.935483870967744,0.04935483870967742,98998
1991,1,0.0246279069767441,22.88372093023256,51.03225806451613,0.02225806451612903,104673
1991,2,0.0325405405405405,30.135135135135137,62.32142857142857,0.11821428571428572,111073
1991,3,0.0346285714285714,32.0,46.87096774193548,0.6293548387096775,117735
1991,4,0.0405178571428571,38.08928571428572,61.833333333333336,0.03833333333333333,187607
1991,5,0.0444509803921568,41.490196078431374,65.29032258064517,0.08548387096774193,354908
1991,7,0.0636190476190476,83.80952380952381,90.83870967741936,0.0,521822
1991,8,0.0628089887640449,81.50561797752809,86.87096774193549,0.0,587904
1991,9,0.0629080459770115,82.0919540229885,85.73333333333333,0.006333333333333333,441553
1991,10,0.0581538461538461,75.0,75.12903225806451,0.1396774193548387,320769
1991,11,0.0244827586206896,22.689655172413797,58.733333333333334,0.097,164072
1991,12,0.0224137931034482,20.71264367816092,49.16129032258065,0.1164516129032258,114144
1992,1,0.0269318181818181,24.96590909090909,50.096774193548384,0.05967741935483871,126603
1992,2,0.0321728395061728,30.074074074074076,53.172413793103445,0.2713793103448276,120908
1992,3,0.0387252747252747,35.86813186813187,58.67741935483871,0.08419354838709676,149651
1992,4,0.0473953488372093,47.06976744186046,70.2,0.016666666666666666,251872
1992,5,0.0606666666666666,72.71264367816092,79.06451612903226,0.02129032258064516,425555
1992,7,0.0593561643835616,77.43835616438356,84.03225806451613,0.13516129032258065,568070
1992,8,0.0647213114754098,85.0327868852459,89.51612903225806,0.001935483870967742,586868
1992,9,0.0591666666666666,70.93333333333334,84.5,0.004666666666666667,470798
1992,10,0.0507166666666666,56.5,73.7741935483871,0.08967741935483871,356333
1992,11,0.0288863636363636,26.772727272727277,57.06666666666667,0.003,163364
1992,12,0.0272470588235294,25.24705882352941,42.193548387096776,0.3406451612903226,112606
1993,1,0.0222881355932203,20.64406779661017,43.096774193548384,0.5116666666666666,101503
1993,2,0.0353658536585365,32.73170731707317,46.67857142857143,0.3110714285714286,105315
1993,3,0.0353,32.65,59.96774193548387,0.12193548387096775,151472
1993,4,0.04535,42.1,65.16666666666667,0.05333333333333334,246136
1993,5,0.0494310344827586,49.39655172413793,70.93548387096774,0.05709677419354839,378548
1993,6,0.0501627906976744,52.325581395348834,75.6,0.042499999999999996,446235
1993,7,0.0628548387096774,79.45161290322581,86.19354838709677,0.0,604248
1993,8,0.0587540983606557,68.1311475409836,86.61290322580645,0.0,634588
1993,9,0.0606938775510204,74.65306122448979,83.53333333333333,0.0,503629
1993,10,0.0376315789473684,36.2280701754386,70.83870967741936,0.0464516129032258,368978
1993,11,0.0311724137931034,28.93103448275862,57.0,0.06466666666666668,171108
1993,12,0.0164814814814814,15.24074074074074,47.064516129032256,0.07448275862068965,127885
1994,1,0.0264606741573033,24.44943820224719,51.61290322580645,0.06366666666666666,131216
1994,2,0.0348607594936708,32.22784810126582,49.107142857142854,0.21142857142857144,127303
1994,3,0.044067415730337,41.17977528089887,62.096774193548384,0.046129032258064515,186008
1994,4,0.0516111111111111,53.13333333333333,64.5,0.2671428571428572,247425
1994,5,0.0531978021978022,58.604395604395606,70.70967741935483,0.05548387096774193,384114
1994,6,0.0566666666666666,64.96551724137932,85.33333333333333,0.0,495097
1994,7,0.0682282608695652,94.6304347826087,92.2258064516129,0.0,585940
1994,8,0.0653440860215053,86.29032258064517,91.80645161290323,0.0,666555
1994,9,0.0571022727272727,68.04545454545455,81.2,0.058,511954
1994,11,0.0306818181818181,28.424242424242426,44.36666666666667,0.35379310344827586,146675
1995,1,0.0290166666666666,26.866666666666667,41.87096774193548,0.604074074074074,123844
1995,2,0.0367678571428571,34.05357142857143,59.5,0.060714285714285714,151102
1995,3,0.042,38.85964912280702,53.03333333333333,0.59,124710
1995,4,0.0464035087719298,44.50877192982456,59.46666666666667,0.16366666666666668,250592
1995,5,0.0479333333333333,48.016666666666666,64.19354838709677,0.12516129032258064,279575
1995,6,0.052728813559322,56.74576271186441,73.83333333333333,0.05233333333333333,449511
1995,7,0.0609054054054054,74.06756756756756,84.35483870967742,0.007741935483870969,663052
1995,8,0.0735806451612903,111.7741935483871,89.03225806451613,0.0,656064
1995,9,0.07025,102.55263157894736,84.26666666666667,0.0,551886
1995,10,0.0587241379310344,70.51724137931035,75.41935483870968,0.0,409319
1995,11,0.0443928571428571,43.82142857142857,64.83333333333333,0.005666666666666667,210295
1995,12,0.0299682539682539,27.92063492063492,48.8,0.2845161290322581,88456
1996,1,0.0302622950819672,28.016393442622952,48.12903225806452,0.33096774193548384,104086
1996,2,0.0366896551724137,34.08620689655172,50.55172413793103,0.3448275862068966,135115
1996,3,0.0435,40.27586206896552,59.096774193548384,0.21258064516129033,180709
1996,4,0.0483962264150943,47.22641509433962,66.36666666666666,0.13666666666666666,253532
1996,5,0.0501304347826086,52.05434782608695,70.03225806451613,0.12290322580645162,347364
1996,6,0.0653258426966292,89.0561797752809,81.5,0.021333333333333333,527284
1996,7,0.0728387096774193,109.3763440860215,91.74193548387096,0.0,622855
1996,8,0.0739642857142857,112.0952380952381,91.61290322580645,0.000967741935483871,679862
1996,9,0.0681348314606741,96.1011235955056,81.43333333333334,0.004,517934
1996,10,0.0530574712643678,61.10344827586207,67.41935483870968,0.17709677419354838,365313
1996,11,0.0368928571428571,34.07142857142857,55.766666666666666,0.36633333333333334,172037
1996,12,0.0352758620689655,32.55172413793103,47.12903225806452,0.34451612903225803,140116
1997,1,0.0377241379310344,34.89655172413793,44.70967741935484,0.5667741935483871,12520
1997,2,0.041037037037037,38.03703703703704,53.392857142857146,0.030357142857142857,64201
1997,3,0.0458214285714285,43.0,64.7741935483871,0.007741935483870969,136476
1997,4,0.0498333333333333,49.2,65.1,0.030999999999999996,200212
1997,5,0.0528709677419354,55.70967741935484,76.93548387096774,0.017096774193548388,319108
1997,6,0.0571355932203389,66.35593220338983,78.8,0.021666666666666667,460459
1997,7,0.06932,98.52,87.6774193548387,0.013548387096774193,595059
1997,8,0.0637868852459016,83.90163934426229,89.09677419354838,0.015483870967741935,697060
1997,9,0.0576964285714285,67.94642857142857,82.16666666666667,0.033,516567
1997,10,0.0555833333333333,62.66666666666666,69.35483870967742,0.013870967741935483,372171
1997,11,0.0422666666666666,39.63333333333333,54.535714285714285,0.12366666666666666,168533
1997,12,0.0426206896551724,39.6551724137931,46.54838709677419,0.12483870967741936,127604
1998,1,0.0366296296296296,33.888888888888886,47.83870967741935,0.38741935483870965,114143
1998,2,0.0371785714285714,34.5,42.964285714285715,0.6721428571428572,109163
1998,3,0.0385555555555555,35.74074074074074,55.58064516129032,0.22387096774193546,157257
1998,4,0.0491304347826086,50.65217391304348,58.36666666666667,0.08633333333333333,231495
1998,5,0.0482542372881355,47.271186440677965,59.166666666666664,0.1464516129032258,307331
1998,6,0.0545833333333333,63.53333333333333,71.03333333333333,0.05566666666666666,345916
1998,7,0.0720967741935483,106.38709677419357,85.74193548387096,0.0012903225806451613,603790
1998,8,0.076103448275862,118.17241379310344,91.35483870967742,0.0,672966
1998,9,0.0631016949152542,82.45762711864407,77.53333333333333,0.03833333333333333,480941
1998,10,0.0562166666666666,62.45,67.3225806451613,0.023870967741935485,384428
1998,11,0.0448620689655172,41.689655172413794,53.0,0.20733333333333331,142002
1998,12,0.0437692307692307,40.61538461538461,45.96774193548387,0.05354838709677419,107700
1999,1,0.0440322580645161,40.80645161290322,49.29032258064516,0.2767741935483871,100857
1999,2,0.0489642857142857,46.35714285714285,49.607142857142854,0.36607142857142855,102345
1999,3,0.0521071428571428,51.142857142857146,56.064516129032256,0.06903225806451613,136795
1999,4,0.0546666666666666,56.7,58.06666666666667,0.10266666666666667,169517
1999,5,0.0582096774193548,66.29032258064517,71.19354838709677,0.014193548387096775,335374
1999,6,0.0615862068965517,76.94827586206897,78.76666666666667,0.017666666666666667,448560
1999,7,0.0689016393442623,96.67213114754098,88.16129032258064,0.005806451612903225,558114
1999,8,0.0619354838709677,79.40322580645162,86.16129032258064,0.004838709677419356,625405
1999,9,0.074,112.2,83.53333333333333,0.0023333333333333335,433178
1999,10,0.0704583333333333,103.72916666666669,78.25806451612904,0.020967741935483872,330334
1999,11,0.0484,51.92,60.166666666666664,0.08933333333333333,150843
1999,12,0.03875,35.708333333333336,49.67741935483871,0.01,102285
2000,1,0.0372258064516129,34.41935483870968,47.83870967741935,0.3716129032258064,93633
2000,2,0.0454444444444444,42.07407407407408,50.310344827586206,0.3910344827586207,103444
2000,3,0.0492903225806451,47.903225806451616,59.225806451612904,0.043225806451612905,136523
2000,4,0.0520666666666666,51.8,68.33333333333333,0.10566666666666666,216087
2000,5,0.0543442622950819,58.16393442622951,73.3225806451613,0.08645161290322581,317009
2000,6,0.0649322033898305,87.0677966101695,85.53571428571429,0.024,454638
2000,7,0.0664838709677419,88.83870967741936,88.19354838709677,0.0,548440
2000,8,0.0713548387096774,103.5,90.19354838709677,0.0029032258064516127,546981
2000,9,0.0623965517241379,83.84482758620689,81.2,0.016666666666666666,388707
2000,10,0.0534166666666666,64.83333333333333,68.35483870967742,0.11774193548387096,324484
2000,11,0.0380333333333333,35.13333333333333,53.03333333333333,0.059333333333333335,144958
2000,12,0.0371428571428571,34.285714285714285,51.25806451612903,0.02193548387096774,125999
2001,1,0.041,38.0,45.774193548387096,0.19870967741935483,102455
2001,2,0.0410357142857142,38.10714285714285,46.607142857142854,0.2111111111111111,101897
2001,3,0.0441724137931034,40.93103448275862,59.903225806451616,0.10096774193548387,142141
2001,4,0.0496521739130434,47.69565217391305,58.56666666666667,0.11066666666666668,192936
2001,5,0.0597631578947368,71.28947368421052,81.19354838709677,0.0022580645161290325,315897
2001,6,0.0642545454545454,83.8,86.0,0.0,434014
2001,7,0.0625573770491803,78.0327868852459,87.48387096774194,0.008387096774193548,528849
2001,8,0.0697213114754098,100.8360655737705,93.03448275862068,0.0,591196
2001,9,0.06735,92.15,85.26666666666667,0.01,448519
2001,10,0.0626,78.88333333333334,76.58064516129032,0.02903225806451613,264465
2001,11,0.0400357142857142,37.035714285714285,56.53333333333333,0.275,137876
2001,12,0.0383333333333333,35.4,41.16129032258065,0.35419354838709677,108486
2002,1,0.0375483870967741,34.54838709677419,47.645161290322584,0.07161290322580646,108906
2002,2,0.0406071428571428,37.57142857142857,55.75,0.06821428571428571,113695
2002,3,0.04532,42.08,52.89655172413793,0.13433333333333333,141766
2002,4,0.050076923076923,48.26923076923077,65.2,0.061000000000000006,186682
2002,5,0.0581290322580645,68.2741935483871,70.86206896551724,0.056451612903225805,295511
2002,6,0.0684406779661017,95.52542372881356,84.23333333333333,0.0033333333333333335,436862
2002,7,0.0743148148148148,113.27777777777776,92.64285714285714,0.0,513789
2002,8,0.0750666666666666,115.53333333333332,88.82758620689656,0.0,570914
2002,9,0.0634111111111111,83.25555555555556,82.73333333333333,0.017,426684
2002,10,0.0628241758241758,80.35164835164835,70.76666666666667,0.007419354838709678,300919
2002,11,0.0387678571428571,38.96428571428572,59.9,0.25433333333333336,149828
2002,12,0.0333584905660377,30.9811320754717,45.096774193548384,0.38225806451612904,116311
2003,1,0.0265645161290322,25.048387096774192,52.67741935483871,0.02935483870967742,116984
2003,2,0.0359285714285714,33.32142857142857,51.535714285714285,0.10285714285714286,111506
2003,3,0.0432258064516129,40.11290322580645,59.2,0.09129032258064516,137550
2003,4,0.04888,47.09333333333333,54.57142857142857,0.243,174337
2003,5,0.0543655913978494,60.096774193548384,68.44444444444444,0.08774193548387096,280335
2003,6,0.0621647058823529,80.14117647058823,83.86666666666666,0.0,445887
2003,7,0.0718840579710144,107.2463768115942,91.74193548387096,0.019677419354838712,536683
2003,8,0.0687058823529411,98.13235294117646,87.13333333333334,0.02903225806451613,604093
2003,9,0.0698955223880597,102.46268656716418,86.85714285714286,0.0,405605
2003,10,0.0612717391304347,80.65217391304348,80.58064516129032,0.0016129032258064516,316366
2003,11,0.0364318181818181,33.72727272727273,50.3448275862069,0.09166666666666666,136390
2003,12,0.0295166666666666,27.466666666666665,45.064516129032256,0.3274193548387097,112928
2004,1,0.0299516129032258,27.83870967741936,45.193548387096776,0.098,100020
2004,2,0.0394,36.52727272727272,46.724137931034484,0.30214285714285716,106258
2004,4,0.04995,52.8,67.48275862068965,0.018000000000000002,228212
2004,5,0.0520978260869565,58.619565217391305,73.64516129032258,0.03387096774193549,326017
2004,6,0.0594090909090909,72.89772727272727,85.33333333333333,0.0023333333333333335,449566
2004,8,0.0651555555555555,86.73333333333333,89.39285714285714,0.0,508094
2004,9,0.0591309523809523,72.39285714285714,82.60714285714286,0.008333333333333333,393437
2004,10,0.0448131868131868,47.989010989010985,66.29166666666667,0.24333333333333332,272200
2004,11,0.0355217391304347,32.95652173913044,53.84,0.04148148148148149,121622
2004,12,0.0296,27.466666666666665,46.964285714285715,0.13999999999999999,96745
2005,1,0.03195,29.6,43.84,0.3548387096774194,91238
2005,2,0.036,33.392857142857146,51.59090909090909,0.2167857142857143,103756
2005,3,0.0447419354838709,41.774193548387096,56.43478260869565,0.1956,143335
2005,6,0.0564918032786885,64.8360655737705,74.79166666666667,0.0014285714285714286,413124
2005,7,0.0604130434782608,78.41304347826087,92.0952380952381,0.0,554567
2005,8,0.059067415730337,72.19101123595506,89.96153846153847,0.01,485643
2005,9,0.0547865168539325,63.97752808988764,79.46153846153847,0.02,430134
2005,10,0.043551724137931,45.10344827586207,69.17391304347827,0.024838709677419354,318508
2005,11,0.0260689655172413,24.08620689655172,58.69565217391305,0.10392857142857144,152671
2005,12,0.0249166666666666,23.1,48.6,0.15545454545454546,111231
2006,1,0.0411,38.1,48.56521739130435,0.28448275862068967,104591
2006,2,0.0466399999999999,43.52,52.52,0.15,101194
2006,3,0.0532222222222222,51.407407407407405,44.74074074074074,0.2608695652173913,125556
2006,4,0.0548148148148148,58.55555555555556,59.666666666666664,0.25588235294117645,189472
2006,5,0.0580526315789473,69.7719298245614,72.18518518518519,0.004827586206896552,309387
2006,6,0.061,77.44444444444444,81.8125,0.0,382972
2006,7,0.0642666666666666,83.38333333333334,91.0,0.0,510932
2006,8,0.0705901639344262,101.3934426229508,88.25,0.0,528254
2006,9,0.0643076923076923,82.66666666666667,85.15789473684211,0.0,421502
2006,10,0.0485294117647058,48.11764705882353,69.71428571428571,0.0,298771
2006,11,0.0366818181818181,33.95454545454545,57.3125,0.005,165499
2006,12,0.0401379310344827,37.206896551724135,45.5,0.42562500000000003,104514
2007,1,0.0411111111111111,38.07407407407408,47.5,0.015161290322580644,99892
2007,2,0.0403684210526315,37.42105263157895,49.75,0.0,100941
2007,3,0.04605,44.6,54.375,0.028333333333333335,135925
2007,4,0.0490645161290322,49.30645161290322,62.5,0.01933333333333333,219854
2007,5,0.0594715447154471,70.90243902439025,74.73333333333333,0.02161290322580645,374184
2007,6,0.0569339622641509,66.5377358490566,85.47826086956522,0.0,466054
2007,7,0.0549669421487603,61.02479338842975,90.8076923076923,0.0,543235
2007,8,0.057508064516129,66.08870967741936,91.33333333333333,0.0006666666666666666,550172
2007,9,0.0558983050847457,64.33050847457628,80.6,0.012173913043478262,417882
2007,10,0.0474166666666666,47.56666666666667,68.6470588235294,0.007857142857142858,298122
2007,11,0.0429666666666666,39.833333333333336,63.5,0.0,178846
2007,12,0.0430666666666666,39.9,44.833333333333336,0.0,118321
2008,1,0.0453,42.13333333333333,42.583333333333336,0.09947368421052631,95124
2008,8,0.0601965811965811,73.05982905982906,92.9090909090909,0.0,543799
2008,9,0.0604396551724137,72.31896551724138,86.37037037037037,0.001,416918
2008,10,0.0480163934426229,46.8688524590164,73.69565217391305,0.029310344827586206,295547
2008,11,0.0373333333333333,34.5,59.8125,0.14857142857142855,146838
2008,12,0.0411333333333333,38.13333333333333,43.470588235294116,0.04,97979
2009,1,0.0418709677419354,38.87096774193548,51.0,0.008,101984
2009,2,0.0454285714285714,42.17857142857143,47.421052631578945,0.15789473684210525,78795
2009,3,0.051,49.2258064516129,55.88235294117647,0.03076923076923077,132711
2009,5,0.0467468354430379,46.265822784810126,77.27272727272727,0.0,399683
2009,7,0.0542321428571428,58.4375,93.0,0.0,586591
2009,8,0.0573688524590163,67.65573770491804,89.6086956521739,0.0,643300
2009,9,0.0564188034188034,64.15384615384616,85.73684210526316,0.0,471530
2009,10,0.0436949152542372,42.96610169491525,65.0,0.0,346826
2009,11,0.0443333333333333,41.16666666666666,65.0,0.0,151297
2010,1,0.0455357142857142,42.21428571428572,44.888888888888886,0.5127777777777778,96089
2010,2,0.0453928571428571,41.96428571428572,49.57142857142857,0.11190476190476191,100379
2010,3,0.0526774193548387,51.16129032258065,57.523809523809526,0.09,149651
2010,4,0.0511212121212121,51.27272727272727,67.0,0.0,224461
2010,5,0.045891304347826,44.31521739130435,68.25,0.0,382414
2010,6,0.0485959595959595,49.24242424242424,79.13333333333334,0.0,521059
2010,7,0.0573983739837398,64.8048780487805,90.0,0.0,643566
2010,8,0.0594473684210526,69.05263157894737,85.0,0.0,659857
2010,9,0.05803738317757,67.5607476635514,84.66666666666667,0.0,520210
2010,10,0.0423157894736842,40.45614035087719,70.53333333333333,0.06,356370
2010,12,0.0412333333333333,38.23333333333333,45.833333333333336,0.11578947368421054,98893
2011,1,0.0457741935483871,42.41935483870968,46.833333333333336,0.08448275862068966,100718
2011,2,0.0468928571428571,43.71428571428572,47.57692307692308,0.2926923076923077,93588
2011,3,0.0462083333333333,42.75,51.45161290322581,0.37870967741935485,100433
2011,4,0.0475588235294117,45.44117647058823,61.5,0.048,231372
2011,5,0.0478961038961038,46.77922077922078,64.90322580645162,0.06999999999999999,356588
2011,6,0.0505888888888888,55.18888888888889,73.78571428571429,0.07357142857142858,503741
2011,7,0.0544193548387096,59.82258064516129,85.06666666666666,0.0,704553
2011,8,0.0584188034188034,66.76923076923077,88.1,0.0075,699749
2011,9,0.0564954954954954,66.09909909909909,84.46666666666667,0.114,533502
2011,10,0.043655737704918,40.57377049180328,71.14285714285714,0.09999999999999999,360449
2011,11,0.0411724137931034,38.172413793103445,53.333333333333336,0.03566666666666666,139079
2011,12,0.0428,39.8,48.96774193548387,0.0,127621
2012,1,0.0405483870967741,37.61290322580645,51.5,0.166,120496
2012,2,0.0436896551724137,40.55172413793103,54.32142857142857,0.03214285714285715,113341
2012,3,0.0489677419354838,47.064516129032256,54.44827586206897,0.1986206896551724,136687
2012,4,0.0478163265306122,48.12244897959184,63.689655172413794,0.14833333333333334,243102
2012,5,0.0560902255639097,61.796992481203006,75.44827586206897,0.01064516129032258,356500
2012,6,0.0550236220472441,61.70866141732284,82.21428571428571,0.023928571428571428,528186
2012,7,0.0642662337662337,84.99350649350649,89.3,0.0003333333333333333,623101
2012,8,0.0602483660130718,71.27450980392157,93.13793103448276,0.0020689655172413794,660118
2012,9,0.0627586206896551,77.66896551724138,87.41379310344827,0.0,482004
2012,10,0.0505444444444444,54.44444444444444,72.03571428571429,0.0525,322687
2012,11,0.0416833333333333,38.61666666666667,56.035714285714285,0.18071428571428574,141868
2012,12,0.0415593220338983,38.50847457627118,42.642857142857146,0.4253571428571429,125314
2013,1,0.0431666666666666,40.129629629629626,44.25,0.032499999999999994,103910
2013,2,0.0448627450980392,41.6078431372549,53.142857142857146,0.023809523809523808,114440
2013,3,0.0456774193548387,42.403225806451616,61.17857142857143,0.08230769230769232,165409
2013,4,0.0493728813559322,47.25423728813559,67.75862068965517,0.05655172413793103,231178
2013,5,0.0541864406779661,59.57627118644068,73.54545454545455,0.13454545454545455,370422
2013,6,0.0547818181818181,62.85454545454545,84.76666666666667,0.005333333333333333,508941
2013,7,0.0629661016949152,77.35593220338983,93.6923076923077,0.0007692307692307692,611538
2013,8,0.058,63.13333333333333,89.25,0.0,552137
2013,9,0.054574074074074,59.351851851851855,82.0,0.034074074074074076,460855
2013,10,0.0556721311475409,62.49180327868852,69.5,0.07833333333333332,279526
2013,11,0.0437857142857142,40.785714285714285,60.31578947368421,0.038421052631578946,161356
2013,12,0.0449333333333333,41.766666666666666,48.80952380952381,0.07285714285714286,131479
2014,1,0.0431935483870967,40.064516129032256,57.12903225806452,0.03258064516129032,112133
2014,2,0.0418214285714285,39.035714285714285,54.642857142857146,0.19535714285714284,113403
2014,3,0.0485483870967741,46.67741935483871,62.48148148148148,0.14407407407407405,146750
2014,4,0.0537241379310344,53.72413793103448,66.5625,0.096,242722
2014,5,0.0557321428571428,61.44642857142857,75.83333333333333,0.04055555555555555,333308
2014,6,0.0615833333333333,75.8,85.27777777777777,0.011111111111111112,496363
2014,7,0.0589375,67.54166666666667,91.0,0.018666666666666668,623663
2014,8,0.0597391304347826,68.34782608695652,88.85,0.0075,654157
2014,9,0.0582333333333333,68.6,85.03846153846153,0.02076923076923077,467205
2014,10,0.05455,60.2,76.78571428571429,0.0,354769
2014,11,0.0385,35.56666666666667,59.266666666666666,0.09933333333333333,203678
2014,12,0.0374230769230769,34.57692307692308,48.857142857142854,0.1682142857142857,134491
2015,1,0.0369677419354838,34.16129032258065,56.964285714285715,0.0035714285714285718,128318
2015,2,0.03625,33.464285714285715,63.91304347826087,0.0708695652173913,135316
2015,3,0.0453548387096774,42.193548387096776,67.29166666666667,0.017916666666666668,194667
2015,4,0.0530689655172413,53.37931034482759,66.34615384615384,0.12115384615384615,281328
2015,5,0.052639344262295,53.73770491803279,68.8076923076923,0.065,408121
2015,6,0.0607413793103448,72.46551724137932,87.96666666666667,0.026333333333333334,545231
2015,7,0.0531803278688524,56.39344262295082,87.6774193548387,0.0832258064516129,626009
2015,8,0.053967213114754,56.950819672131146,91.38709677419355,0.0012903225806451613,636936
2015,9,0.05645,61.333333333333336,85.06666666666666,0.005,527402
2015,10,0.0501272727272727,50.70909090909091,73.25806451612904,0.10870967741935483,357223
2015,11,0.041076923076923,38.0,50.5,0.1335714285714286,169425
2015,12,0.0400689655172413,37.03448275862069,43.41935483870968,0.16709677419354838,140241
2016,1,0.0415714285714285,38.57142857142857,43.46153846153846,0.314,139780
2016,2,0.0421923076923076,39.15384615384615,58.107142857142854,0.0725,201601
2016,3,0.0391,36.1,58.46666666666667,0.24833333333333332,286990
2016,4,0.0457399999999999,43.3,65.6896551724138,0.09862068965517241,305092
2016,5,0.0470666666666666,45.65,70.14285714285714,0.04551724137931035,457309
2016,6,0.0552333333333333,58.96666666666667,84.5,0.006206896551724138,703614
2016,7,0.0592419354838709,69.93548387096774,92.67857142857143,0.0,780728
2016,8,0.0654677419354838,85.09677419354838,91.96296296296296,0.0,692450
2016,9,0.0600333333333333,71.23333333333333,83.65384615384616,0.002916666666666667,598428
2016,10,0.0447941176470588,42.76470588235294,70.15384615384616,0.14461538461538462,483232
2016,11,0.0422758620689655,39.10344827586207,57.1,0.11000000000000001,218998
2016,12,0.0374782608695652,34.65217391304348,45.83870967741935,0.26999999999999996,160646
2017,1,0.0422666666666666,39.766666666666666,40.84615384615385,0.6263636363636363,120025
2017,2,0.0426785714285714,39.642857142857146,48.43478260869565,0.396,119421
2017,3,0.045516129032258,43.0,58.61290322580645,0.17225806451612902,166793
2017,4,0.0479302325581395,45.69767441860465,62.03448275862069,0.21758620689655175,302553
2017,5,0.0497333333333333,50.31666666666667,73.70967741935483,0.02645161290322581,471844
2017,6,0.0523518518518518,54.48148148148148,80.48275862068965,0.025517241379310343,565702
2017,7,0.0637627118644067,80.30508474576271,91.83333333333333,0.0,633351
2017,8,0.0582068965517241,64.91379310344827,89.03225806451613,0.07387096774193548,615892
2017,9,0.0554166666666666,59.98333333333333,80.07142857142857,0.05035714285714286,566279
2017,10,0.0520172413793103,51.12068965517241,73.54838709677419,0.016774193548387096,429827
2017,11,0.0376333333333333,34.766666666666666,58.4,0.16777777777777778,217927
2017,12,0.0433,40.266666666666666,53.36666666666667,0.012333333333333333,127276
2018,1,0.0389354838709677,36.0,53.92857142857143,0.11884615384615384,129432
2018,2,0.0429285714285714,39.892857142857146,55.666666666666664,0.01,143321
2018,3,0.0450322580645161,41.70967741935484,52.1,0.5335714285714286,170681
2018,4,0.0471355932203389,44.16949152542373,65.16666666666667,0.12206896551724138,278349
2018,5,0.0483870967741935,46.5,72.29032258064517,0.025161290322580646,385670
2018,6,0.0580847457627118,65.0,84.66666666666667,0.0,543690
2018,7,0.0637166666666666,82.48333333333333,91.47826086956522,0.0,504230
2018,8,0.0635322580645161,79.2741935483871,89.33333333333333,0.0,441867
2018,9,0.0587017543859649,66.71929824561404,84.1,0.005000000000000001,524387
2018,10,0.0497049180327868,48.29508196721312,69.80645161290323,0.043448275862068966,360776
2018,11,0.0439310344827586,41.03448275862069,62.78947368421053,0.26842105263157895,215854
2018,12,0.0407999999999999,37.833333333333336,49.0,0.11368421052631579,311179
2019,1,0.0396451612903225,36.67741935483871,48.666666666666664,0.085,116746
2019,2,0.0443333333333333,41.18518518518518,40.416666666666664,0.5891666666666667,111665
2019,3,0.0474516129032258,44.58064516129032,53.26086956521739,0.24238095238095236,173610
2019,4,0.0461333333333333,42.73333333333333,65.35714285714286,0.07266666666666667,297207
2019,5,0.0455454545454545,42.77272727272727,62.766666666666666,0.17225806451612902,393004
2019,6,0.0537966101694915,54.08474576271186,73.47619047619048,0.005666666666666666,496625
2019,7,0.0545,57.706896551724135,86.74193548387096,0.0,717462
2019,8,0.0599193548387096,69.09677419354838,88.58064516129032,0.0,703153
2019,9,0.0534,55.9,79.93333333333334,0.002,584664
2019,10,0.052890909090909,54.018181818181816,69.41935483870968,0.0,448939
2019,11,0.0451666666666666,41.86666666666667,62.06666666666667,0.06666666666666667,230598
2019,12,0.0407666666666666,37.766666666666666,44.4375,0.14838709677419357,149188
2020,1,0.0415806451612903,38.54838709677419,,0.03967741935483871,132742
2020,2,0.0433103448275862,40.172413793103445,,0.0,167778
2020,3,0.0433225806451612,40.29032258064516,55.714285714285715,0.1648,92324
2020,7,0.0589016393442623,65.22950819672131,91.4,0.0,501068
2020,8,0.0671929824561403,91.36842105263158,91.87096774193549,0.0029032258064516127,375226
2020,9,0.0580181818181818,66.9090909090909,84.17391304347827,0.0,258561
2020,10,0.0563166666666666,62.66666666666666,78.26086956521739,0.0,249827
2020,11,0.0384,35.43333333333333,59.69230769230769,0.0452,136799
2020,12,0.0414999999999999,38.5,49.63333333333333,0.11,117454
2021,1,0.0401290322580645,37.16129032258065,51.88461538461539,0.045384615384615384,67284
2021,2,0.0428571428571428,39.67857142857143,52.12,0.0704,128222
2021,3,0.0461612903225806,42.87096774193548,53.241379310344826,0.06689655172413793,159906
2021,4,0.0500181818181818,47.87272727272728,67.6,0.019666666666666666,257158
2021,5,0.0547833333333333,57.36666666666667,76.52173913043478,0.010434782608695651,348006
2021,6,0.0540862068965517,57.32758620689656,89.27777777777777,0.0005555555555555556,429980
2021,7,0.0636721311475409,79.19672131147541,94.9,0.013000000000000001,509874
2021,8,0.0672903225806451,91.58064516129032,91.19354838709677,0.03064516129032258,432038
2021,9,0.0618771929824561,75.29824561403508,87.20833333333333,0.0,356030
2021,10,0.050375,52.770833333333336,63.92307692307692,0.27807692307692305,284611
2021,11,0.0393666666666666,36.46666666666667,61.333333333333336,0.04,185213
2021,12,0.0417666666666666,38.7,44.064516129032256,0.27266666666666667,129273
2022,1,0.0453225806451612,42.064516129032256,51.0,0.000967741935483871,137057
2022,2,0.0473928571428571,43.92857142857143,55.25,0.0017857142857142859,170196
2022,3,0.0455806451612903,42.29032258064516,61.12903225806452,0.04129032258064516,192634
2022,4,0.0492931034482758,47.05172413793103,62.142857142857146,0.13642857142857143,285601
2023,1,0.0427419354838709,39.70967741935484,,0.47833333333333333,107256
2023,2,0.0448928571428571,41.71428571428572,48.666666666666664,0.31,107012
2023,3,0.0456129032258064,42.32258064516129,47.904761904761905,0.728095238095238,25005
2023,4,0.0476734693877551,44.40816326530612,60.05263157894737,0.012105263157894737,205802
2023,7,0.053016129032258,54.516129032258064,,0.0,580357
2023,8,0.0533833333333333,55.31666666666667,86.41379310344827,0.039,593378
2023,9,0.0464745762711864,43.69491525423729,77.04545454545455,0.068,559464
2023,10,0.0433166666666666,40.28333333333333,,0.0,488566
2023,11,0.043,39.86666666666667,59.869565217391305,0.12066666666666666,252249
