Year,Month,Visitors,Month_Num,Date
2025,JAN,135684,1,2025-01-01
2024,JAN,127789,1,2024-01-01
2023,JAN,107256,1,2023-01-01
2022,JAN,137057,1,2022-01-01
2021,JAN,67284,1,2021-01-01
2020,JAN,132742,1,2020-01-01
2019,JAN,116746,1,2019-01-01
2018,JAN,129432,1,2018-01-01
2017,JAN,120025,1,2017-01-01
2016,JAN,139780,1,2016-01-01
2015,JAN,128318,1,2015-01-01
2014,JAN,112133,1,2014-01-01
2013,JAN,103910,1,2013-01-01
2012,JAN,120496,1,2012-01-01
2011,JAN,100718,1,2011-01-01
2010,JAN,96089,1,2010-01-01
2009,JAN,101984,1,2009-01-01
2008,JAN,95124,1,2008-01-01
2007,JAN,99892,1,2007-01-01
2006,JAN,104591,1,2006-01-01
2005,JAN,91238,1,2005-01-01
2004,JAN,100020,1,2004-01-01
2003,JAN,116984,1,2003-01-01
2002,JAN,108906,1,2002-01-01
2001,JAN,102455,1,2001-01-01
2000,JAN,93633,1,2000-01-01
1999,JAN,100857,1,1999-01-01
1998,JAN,114143,1,1998-01-01
1997,JAN,12520,1,1997-01-01
1996,JAN,104086,1,1996-01-01
1995,JAN,123844,1,1995-01-01
1994,JAN,131216,1,1994-01-01
1993,JAN,101503,1,1993-01-01
1992,JAN,126603,1,1992-01-01
1991,JAN,104673,1,1991-01-01
1990,JAN,99686,1,1990-01-01
1989,JAN,102646,1,1989-01-01
1988,JAN,94583,1,1988-01-01
1987,JAN,94639,1,1987-01-01
1986,JAN,92835,1,1986-01-01
1985,JAN,84266,1,1985-01-01
1984,JAN,75894,1,1984-01-01
1983,JAN,64748,1,1983-01-01
1982,JAN,60817,1,1982-01-01
1981,JAN,60669,1,1981-01-01
1980,JAN,66677,1,1980-01-01
1979,JAN,72701,1,1979-01-01
2025,FEB,120601,2,2025-02-01
2024,FEB,121027,2,2024-02-01
2023,FEB,107012,2,2023-02-01
2022,FEB,170196,2,2022-02-01
2021,FEB,128222,2,2021-02-01
2020,FEB,167778,2,2020-02-01
2019,FEB,111665,2,2019-02-01
2018,FEB,143321,2,2018-02-01
2017,FEB,119421,2,2017-02-01
2016,FEB,201601,2,2016-02-01
2015,FEB,135316,2,2015-02-01
2014,FEB,113403,2,2014-02-01
2013,FEB,114440,2,2013-02-01
2012,FEB,113341,2,2012-02-01
2011,FEB,93588,2,2011-02-01
2010,FEB,100379,2,2010-02-01
2009,FEB,78795,2,2009-02-01
2008,FEB,107729,2,2008-02-01
2007,FEB,100941,2,2007-02-01
2006,FEB,101194,2,2006-02-01
2005,FEB,103756,2,2005-02-01
2004,FEB,106258,2,2004-02-01
2003,FEB,111506,2,2003-02-01
2002,FEB,113695,2,2002-02-01
2001,FEB,101897,2,2001-02-01
2000,FEB,103444,2,2000-02-01
1999,FEB,102345,2,1999-02-01
1998,FEB,109163,2,1998-02-01
1997,FEB,64201,2,1997-02-01
1996,FEB,135115,2,1996-02-01
1995,FEB,151102,2,1995-02-01
1994,FEB,127303,2,1994-02-01
1993,FEB,105315,2,1993-02-01
1992,FEB,120908,2,1992-02-01
1991,FEB,111073,2,1991-02-01
1990,FEB,101236,2,1990-02-01
1989,FEB,96527,2,1989-02-01
1988,FEB,109552,2,1988-02-01
1987,FEB,98799,2,1987-02-01
1986,FEB,74133,2,1986-02-01
1985,FEB,86738,2,1985-02-01
1984,FEB,83589,2,1984-02-01
1983,FEB,64554,2,1983-02-01
1982,FEB,68307,2,1982-02-01
1981,FEB,90274,2,1981-02-01
1980,FEB,75612,2,1980-02-01
1979,FEB,72926,2,1979-02-01
2025,MAR,155758,3,2025-03-01
2024,MAR,147102,3,2024-03-01
2023,MAR,25005,3,2023-03-01
2022,MAR,192634,3,2022-03-01
2021,MAR,159906,3,2021-03-01
2020,MAR,92324,3,2020-03-01
2019,MAR,173610,3,2019-03-01
2018,MAR,170681,3,2018-03-01
2017,MAR,166793,3,2017-03-01
2016,MAR,286990,3,2016-03-01
2015,MAR,194667,3,2015-03-01
2014,MAR,146750,3,2014-03-01
2013,MAR,165409,3,2013-03-01
2012,MAR,136687,3,2012-03-01
2011,MAR,100433,3,2011-03-01
2010,MAR,149651,3,2010-03-01
2009,MAR,132711,3,2009-03-01
2008,MAR,153735,3,2008-03-01
2007,MAR,135925,3,2007-03-01
2006,MAR,125556,3,2006-03-01
2005,MAR,143335,3,2005-03-01
2004,MAR,146876,3,2004-03-01
2003,MAR,137550,3,2003-03-01
2002,MAR,141766,3,2002-03-01
2001,MAR,142141,3,2001-03-01
2000,MAR,136523,3,2000-03-01
1999,MAR,136795,3,1999-03-01
1998,MAR,157257,3,1998-03-01
1997,MAR,136476,3,1997-03-01
1996,MAR,180709,3,1996-03-01
1995,MAR,124710,3,1995-03-01
1994,MAR,186008,3,1994-03-01
1993,MAR,151472,3,1993-03-01
1992,MAR,149651,3,1992-03-01
1991,MAR,117735,3,1991-03-01
1990,MAR,145037,3,1990-03-01
1989,MAR,143858,3,1989-03-01
1988,MAR,153436,3,1988-03-01
1987,MAR,109617,3,1987-03-01
1986,MAR,114441,3,1986-03-01
1985,MAR,101035,3,1985-03-01
1984,MAR,102049,3,1984-03-01
1983,MAR,85104,3,1983-03-01
1982,MAR,70702,3,1982-03-01
1981,MAR,83104,3,1981-03-01
1980,MAR,99896,3,1980-03-01
1979,MAR,87950,3,1979-03-01
2025,APR,297621,4,2025-04-01
2024,APR,234232,4,2024-04-01
2023,APR,205802,4,2023-04-01
2022,APR,285601,4,2022-04-01
2021,APR,257158,4,2021-04-01
2020,APR,0,4,2020-04-01
2019,APR,297207,4,2019-04-01
2018,APR,278349,4,2018-04-01
2017,APR,302553,4,2017-04-01
2016,APR,305092,4,2016-04-01
2015,APR,281328,4,2015-04-01
2014,APR,242722,4,2014-04-01
2013,APR,231178,4,2013-04-01
2012,APR,243102,4,2012-04-01
2011,APR,231372,4,2011-04-01
2010,APR,224461,4,2010-04-01
2009,APR,230828,4,2009-04-01
2008,APR,199592,4,2008-04-01
2007,APR,219854,4,2007-04-01
2006,APR,189472,4,2006-04-01
2005,APR,195385,4,2005-04-01
2004,APR,228212,4,2004-04-01
2003,APR,174337,4,2003-04-01
2002,APR,186682,4,2002-04-01
2001,APR,192936,4,2001-04-01
2000,APR,216087,4,2000-04-01
1999,APR,169517,4,1999-04-01
1998,APR,231495,4,1998-04-01
1997,APR,200212,4,1997-04-01
1996,APR,253532,4,1996-04-01
1995,APR,250592,4,1995-04-01
1994,APR,247425,4,1994-04-01
1993,APR,246136,4,1993-04-01
1992,APR,251872,4,1992-04-01
1991,APR,187607,4,1991-04-01
1990,APR,237815,4,1990-04-01
1989,APR,204102,4,1989-04-01
1988,APR,190484,4,1988-04-01
1987,APR,192048,4,1987-04-01
1986,APR,152019,4,1986-04-01
1985,APR,158974,4,1985-04-01
1984,APR,147755,4,1984-04-01
1983,APR,90376,4,1983-04-01
1982,APR,73259,4,1982-04-01
1981,APR,152469,4,1981-04-01
1980,APR,120970,4,1980-04-01
1979,APR,136275,4,1979-04-01
2025,MAY,454491,5,2025-05-01
2024,MAY,409748,5,2024-05-01
2023,MAY,322308,5,2023-05-01
2022,MAY,380905,5,2022-05-01
2021,MAY,348006,5,2021-05-01
2020,MAY,0,5,2020-05-01
2019,MAY,393004,5,2019-05-01
2018,MAY,385670,5,2018-05-01
2017,MAY,471844,5,2017-05-01
2016,MAY,457309,5,2016-05-01
2015,MAY,408121,5,2015-05-01
2014,MAY,333308,5,2014-05-01
2013,MAY,370422,5,2013-05-01
2012,MAY,356500,5,2012-05-01
2011,MAY,356588,5,2011-05-01
2010,MAY,382414,5,2010-05-01
2009,MAY,399683,5,2009-05-01
2008,MAY,361193,5,2008-05-01
2007,MAY,374184,5,2007-05-01
2006,MAY,309387,5,2006-05-01
2005,MAY,304552,5,2005-05-01
2004,MAY,326017,5,2004-05-01
2003,MAY,280335,5,2003-05-01
2002,MAY,295511,5,2002-05-01
2001,MAY,315897,5,2001-05-01
2000,MAY,317009,5,2000-05-01
1999,MAY,335374,5,1999-05-01
1998,MAY,307331,5,1998-05-01
1997,MAY,319108,5,1997-05-01
1996,MAY,347364,5,1996-05-01
1995,MAY,279575,5,1995-05-01
1994,MAY,384114,5,1994-05-01
1993,MAY,378548,5,1993-05-01
1992,MAY,425555,5,1992-05-01
1991,MAY,354908,5,1991-05-01
1990,MAY,364549,5,1990-05-01
1989,MAY,377940,5,1989-05-01
1988,MAY,362008,5,1988-05-01
1987,MAY,373894,5,1987-05-01
1986,MAY,291811,5,1986-05-01
1985,MAY,314386,5,1985-05-01
1984,MAY,276877,5,1984-05-01
1983,MAY,214870,5,1983-05-01
1982,MAY,254169,5,1982-05-01
1981,MAY,282531,5,1981-05-01
1980,MAY,212971,5,1980-05-01
1979,MAY,210756,5,1979-05-01
2025,JUN,584333,6,2025-06-01
2024,JUN,566111,6,2024-06-01
2023,JUN,487618,6,2023-06-01
2022,JUN,470045,6,2022-06-01
2021,JUN,429980,6,2021-06-01
2020,JUN,236534,6,2020-06-01
2019,JUN,496625,6,2019-06-01
2018,JUN,543690,6,2018-06-01
2017,JUN,565702,6,2017-06-01
2016,JUN,703614,6,2016-06-01
2015,JUN,545231,6,2015-06-01
2014,JUN,496363,6,2014-06-01
2013,JUN,508941,6,2013-06-01
2012,JUN,528186,6,2012-06-01
2011,JUN,503741,6,2011-06-01
2010,JUN,521059,6,2010-06-01
2009,JUN,483382,6,2009-06-01
2008,JUN,473186,6,2008-06-01
2007,JUN,466054,6,2007-06-01
2006,JUN,382972,6,2006-06-01
2005,JUN,413124,6,2005-06-01
2004,JUN,449566,6,2004-06-01
2003,JUN,445887,6,2003-06-01
2002,JUN,436862,6,2002-06-01
2001,JUN,434014,6,2001-06-01
2000,JUN,454638,6,2000-06-01
1999,JUN,448560,6,1999-06-01
1998,JUN,345916,6,1998-06-01
1997,JUN,460459,6,1997-06-01
1996,JUN,527284,6,1996-06-01
1995,JUN,449511,6,1995-06-01
1994,JUN,495097,6,1994-06-01
1993,JUN,446235,6,1993-06-01
1992,JUN,486890,6,1992-06-01
1991,JUN,396841,6,1991-06-01
1990,JUN,424933,6,1990-06-01
1989,JUN,413068,6,1989-06-01
1988,JUN,404321,6,1988-06-01
1987,JUN,419479,6,1987-06-01
1986,JUN,362173,6,1986-06-01
1985,JUN,375841,6,1985-06-01
1984,JUN,363876,6,1984-06-01
1983,JUN,266832,6,1983-06-01
1982,JUN,363303,6,1982-06-01
1981,JUN,337392,6,1981-06-01
1980,JUN,309470,6,1980-06-01
1979,JUN,301727,6,1979-06-01
2025,JUL,616551,7,2025-07-01
2024,JUL,574270,7,2024-07-01
2023,JUL,580357,7,2023-07-01
2022,JUL,396833,7,2022-07-01
2021,JUL,509874,7,2021-07-01
2020,JUL,501068,7,2020-07-01
2019,JUL,717462,7,2019-07-01
2018,JUL,504230,7,2018-07-01
2017,JUL,633351,7,2017-07-01
2016,JUL,780728,7,2016-07-01
2015,JUL,626009,7,2015-07-01
2014,JUL,623663,7,2014-07-01
2013,JUL,611538,7,2013-07-01
2012,JUL,623101,7,2012-07-01
2011,JUL,704553,7,2011-07-01
2010,JUL,643566,7,2010-07-01
2009,JUL,586591,7,2009-07-01
2008,JUL,539874,7,2008-07-01
2007,JUL,543235,7,2007-07-01
2006,JUL,510932,7,2006-07-01
2005,JUL,554567,7,2005-07-01
2004,JUL,531864,7,2004-07-01
2003,JUL,536683,7,2003-07-01
2002,JUL,513789,7,2002-07-01
2001,JUL,528849,7,2001-07-01
2000,JUL,548440,7,2000-07-01
1999,JUL,558114,7,1999-07-01
1998,JUL,603790,7,1998-07-01
1997,JUL,595059,7,1997-07-01
1996,JUL,622855,7,1996-07-01
1995,JUL,663052,7,1995-07-01
1994,JUL,585940,7,1994-07-01
1993,JUL,604248,7,1993-07-01
1992,JUL,568070,7,1992-07-01
1991,JUL,521822,7,1991-07-01
1990,JUL,482066,7,1990-07-01
1989,JUL,511957,7,1989-07-01
1988,JUL,477167,7,1988-07-01
1987,JUL,487915,7,1987-07-01
1986,JUL,439823,7,1986-07-01
1985,JUL,447936,7,1985-07-01
1984,JUL,414711,7,1984-07-01
1983,JUL,441436,7,1983-07-01
1982,JUL,425198,7,1982-07-01
1981,JUL,404269,7,1981-07-01
1980,JUL,416583,7,1980-07-01
1979,JUL,379640,7,1979-07-01
2025,AUG,594060,8,2025-08-01
2024,AUG,547217,8,2024-08-01
2023,AUG,593378,8,2023-08-01
2022,AUG,518407,8,2022-08-01
2021,AUG,432038,8,2021-08-01
2020,AUG,375226,8,2020-08-01
2019,AUG,703153,8,2019-08-01
2018,AUG,441867,8,2018-08-01
2017,AUG,615892,8,2017-08-01
2016,AUG,692450,8,2016-08-01
2015,AUG,636936,8,2015-08-01
2014,AUG,654157,8,2014-08-01
2013,AUG,552137,8,2013-08-01
2012,AUG,660118,8,2012-08-01
2011,AUG,699749,8,2011-08-01
2010,AUG,659857,8,2010-08-01
2009,AUG,643300,8,2009-08-01
2008,AUG,543799,8,2008-08-01
2007,AUG,550172,8,2007-08-01
2006,AUG,528254,8,2006-08-01
2005,AUG,485643,8,2005-08-01
2004,AUG,508094,8,2004-08-01
2003,AUG,604093,8,2003-08-01
2002,AUG,570914,8,2002-08-01
2001,AUG,591196,8,2001-08-01
2000,AUG,546981,8,2000-08-01
1999,AUG,625405,8,1999-08-01
1998,AUG,672966,8,1998-08-01
1997,AUG,697060,8,1997-08-01
1996,AUG,679862,8,1996-08-01
1995,AUG,656064,8,1995-08-01
1994,AUG,666555,8,1994-08-01
1993,AUG,634588,8,1993-08-01
1992,AUG,586868,8,1992-08-01
1991,AUG,587904,8,1991-08-01
1990,AUG,367502,8,1990-08-01
1989,AUG,524395,8,1989-08-01
1988,AUG,502674,8,1988-08-01
1987,AUG,526850,8,1987-08-01
1986,AUG,522908,8,1986-08-01
1985,AUG,498319,8,1985-08-01
1984,AUG,494860,8,1984-08-01
1983,AUG,473638,8,1983-08-01
1982,AUG,432776,8,1982-08-01
1981,AUG,438123,8,1981-08-01
1980,AUG,470491,8,1980-08-01
1979,AUG,427454,8,1979-08-01
2025,SEP,487733,9,2025-09-01
2024,SEP,537313,9,2024-09-01
2023,SEP,559464,9,2023-09-01
2022,SEP,424374,9,2022-09-01
2021,SEP,356030,9,2021-09-01
2020,SEP,258561,9,2020-09-01
2019,SEP,584664,9,2019-09-01
2018,SEP,524387,9,2018-09-01
2017,SEP,566279,9,2017-09-01
2016,SEP,598428,9,2016-09-01
2015,SEP,527402,9,2015-09-01
2014,SEP,467205,9,2014-09-01
2013,SEP,460855,9,2013-09-01
2012,SEP,482004,9,2012-09-01
2011,SEP,533502,9,2011-09-01
2010,SEP,520210,9,2010-09-01
2009,SEP,471530,9,2009-09-01
2008,SEP,416918,9,2008-09-01
2007,SEP,417882,9,2007-09-01
2006,SEP,421502,9,2006-09-01
2005,SEP,430134,9,2005-09-01
2004,SEP,393437,9,2004-09-01
2003,SEP,405605,9,2003-09-01
2002,SEP,426684,9,2002-09-01
2001,SEP,448519,9,2001-09-01
2000,SEP,388707,9,2000-09-01
1999,SEP,433178,9,1999-09-01
1998,SEP,480941,9,1998-09-01
1997,SEP,516567,9,1997-09-01
1996,SEP,517934,9,1996-09-01
1995,SEP,551886,9,1995-09-01
1994,SEP,511954,9,1994-09-01
1993,SEP,503629,9,1993-09-01
1992,SEP,470798,9,1992-09-01
1991,SEP,441553,9,1991-09-01
1990,SEP,364838,9,1990-09-01
1989,SEP,390364,9,1989-09-01
1988,SEP,385509,9,1988-09-01
1987,SEP,328866,9,1987-09-01
1986,SEP,340843,9,1986-09-01
1985,SEP,344277,9,1985-09-01
1984,SEP,370899,9,1984-09-01
1983,SEP,350841,9,1983-09-01
1982,SEP,303673,9,1982-09-01
1981,SEP,313946,9,1981-09-01
1980,SEP,289108,9,1980-09-01
1979,SEP,293424,9,1979-09-01
2025,OCT,445779,10,2025-10-01
2024,OCT,462467,10,2024-10-01
2023,OCT,488566,10,2023-10-01
2022,OCT,381612,10,2022-10-01
2021,OCT,284611,10,2021-10-01
2020,OCT,249827,10,2020-10-01
2019,OCT,448939,10,2019-10-01
2018,OCT,360776,10,2018-10-01
2017,OCT,429827,10,2017-10-01
2016,OCT,483232,10,2016-10-01
2015,OCT,357223,10,2015-10-01
2014,OCT,354769,10,2014-10-01
2013,OCT,279526,10,2013-10-01
2012,OCT,322687,10,2012-10-01
2011,OCT,360449,10,2011-10-01
2010,OCT,356370,10,2010-10-01
2009,OCT,346826,10,2009-10-01
2008,OCT,295547,10,2008-10-01
2007,OCT,298122,10,2007-10-01
2006,OCT,298771,10,2006-10-01
2005,OCT,318508,10,2005-10-01
2004,OCT,272200,10,2004-10-01
2003,OCT,316366,10,2003-10-01
2002,OCT,300919,10,2002-10-01
2001,OCT,264465,10,2001-10-01
2000,OCT,324484,10,2000-10-01
1999,OCT,330334,10,1999-10-01
1998,OCT,384428,10,1998-10-01
1997,OCT,372171,10,1997-10-01
1996,OCT,365313,10,1996-10-01
1995,OCT,409319,10,1995-10-01
1994,OCT,336448,10,1994-10-01
1993,OCT,368978,10,1993-10-01
1992,OCT,356333,10,1992-10-01
1991,OCT,320769,10,1991-10-01
1990,OCT,276025,10,1990-10-01
1989,OCT,264670,10,1989-10-01
1988,OCT,292886,10,1988-10-01
1987,OCT,281719,10,1987-10-01
1986,OCT,245733,10,1986-10-01
1985,OCT,230095,10,1985-10-01
1984,OCT,217730,10,1984-10-01
1983,OCT,242778,10,1983-10-01
1982,OCT,206821,10,1982-10-01
1981,OCT,190612,10,1981-10-01
1980,OCT,238586,10,1980-10-01
1979,OCT,193825,10,1979-10-01
2025,NOV,234709,11,2025-11-01
2024,NOV,230748,11,2024-11-01
2023,NOV,252249,11,2023-11-01
2022,NOV,178786,11,2022-11-01
2021,NOV,185213,11,2021-11-01
2020,NOV,136799,11,2020-11-01
2019,NOV,230598,11,2019-11-01
2018,NOV,215854,11,2018-11-01
2017,NOV,217927,11,2017-11-01
2016,NOV,218998,11,2016-11-01
2015,NOV,169425,11,2015-11-01
2014,NOV,203678,11,2014-11-01
2013,NOV,161356,11,2013-11-01
2012,NOV,141868,11,2012-11-01
2011,NOV,139079,11,2011-11-01
2010,NOV,148459,11,2010-11-01
2009,NOV,151297,11,2009-11-01
2008,NOV,146838,11,2008-11-01
2007,NOV,178846,11,2007-11-01
2006,NOV,165499,11,2006-11-01
2005,NOV,152671,11,2005-11-01
2004,NOV,121622,11,2004-11-01
2003,NOV,136390,11,2003-11-01
2002,NOV,149828,11,2002-11-01
2001,NOV,137876,11,2001-11-01
2000,NOV,144958,11,2000-11-01
1999,NOV,150843,11,1999-11-01
1998,NOV,142002,11,1998-11-01
1997,NOV,168533,11,1997-11-01
1996,NOV,172037,11,1996-11-01
1995,NOV,210295,11,1995-11-01
1994,NOV,146675,11,1994-11-01
1993,NOV,171108,11,1993-11-01
1992,NOV,163364,11,1992-11-01
1991,NOV,164072,11,1991-11-01
1990,NOV,162254,11,1990-11-01
1989,NOV,163939,11,1989-11-01
1988,NOV,144254,11,1988-11-01
1987,NOV,146909,11,1987-11-01
1986,NOV,151081,11,1986-11-01
1985,NOV,105532,11,1985-11-01
1984,NOV,101528,11,1984-11-01
1983,NOV,87561,11,1983-11-01
1982,NOV,85193,11,1982-11-01
1981,NOV,95862,11,1981-11-01
1980,NOV,118024,11,1980-11-01
1979,NOV,99485,11,1979-11-01
2025,DEC,151093,12,2025-12-01
2024,DEC,163783,12,2024-12-01
2023,DEC,168055,12,2023-12-01
2022,DEC,131100,12,2022-12-01
2021,DEC,129273,12,2021-12-01
2020,DEC,117454,12,2020-12-01
2019,DEC,149188,12,2019-12-01
2018,DEC,311179,12,2018-12-01
2017,DEC,127276,12,2017-12-01
2016,DEC,160646,12,2016-12-01
2015,DEC,140241,12,2015-12-01
2014,DEC,134491,12,2014-12-01
2013,DEC,131479,12,2013-12-01
2012,DEC,125314,12,2012-12-01
2011,DEC,127621,12,2011-12-01
2010,DEC,98893,12,2010-12-01
2009,DEC,110545,12,2009-12-01
2008,DEC,97979,12,2008-12-01
2007,DEC,118321,12,2007-12-01
2006,DEC,104514,12,2006-12-01
2005,DEC,111231,12,2005-12-01
2004,DEC,96745,12,2004-12-01
2003,DEC,112928,12,2003-12-01
2002,DEC,116311,12,2002-12-01
2001,DEC,108486,12,2001-12-01
2000,DEC,125999,12,2000-12-01
1999,DEC,102285,12,1999-12-01
1998,DEC,107700,12,1998-12-01
1997,DEC,127604,12,1997-12-01
1996,DEC,140116,12,1996-12-01
1995,DEC,88456,12,1995-12-01
1994,DEC,143382,12,1994-12-01
1993,DEC,127885,12,1993-12-01
1992,DEC,112606,12,1992-12-01
1991,DEC,114144,12,1991-12-01
1990,DEC,98998,12,1990-12-01
1989,DEC,114693,12,1989-12-01
1988,DEC,99807,12,1988-12-01
1987,DEC,91540,12,1987-12-01
1986,DEC,88917,12,1986-12-01
1985,DEC,84553,12,1985-12-01
1984,DEC,88699,12,1984-12-01
1983,DEC,74726,12,1983-12-01
1982,DEC,71369,12,1982-12-01
1981,DEC,67642,12,1981-12-01
1980,DEC,71894,12,1980-12-01
1979,DEC,74619,12,1979-12-01
